巴岱,bā dài ,13,F,"A: 1260, 323/25.6%"
刘贤权,liú xián quán ,222,B,"B: 1260, 291/23.1%"
宋汉良,sòng hàn liáng ,332,B,"C: 1260, 368/29.2%"
肖作福,xiāo zuò fú ,332,B,"D: 1260, 77/6.1%"
聂荣贵,niè róng guì ,323,A,"E: 1260, 96/7.6%"
赵启正,zhào qǐ zhèng ,323,A,"F: 1260, 95/7.5%"
乌云其木格,wū yún qí mù gé ,12232,-,
扎喜旺徐,zhā xǐ wàng xú ,1232,-,
杨岭多吉,yáng lǐng duō jí ,2212,-,
向巴平措,xiàng bā píng cuò ,3123,-,
江村罗布,jiāng cūn luó bù ,1123,-,
贾那布尔,jiǎ nà bù ěr ,2332,-,
宦爵才郎,huàn jué cái láng ,3222,-,
多杰才旦,duō jié cái dàn ,1223,-,
多吉才让,duō jí cái ràng ,1223,-,
巴图巴根,bā tú bā gēn ,1211,-,
邹家华,zōu jiā huá ,112,B,
邹大鹏,zōu dà péng ,132,C,
庄则栋,zhuāng zé dòng ,123,B,
庄炎林,zhuāng yán lín ,122,A,
庄希泉,zhuāng xī quán ,112,B,
朱治宏,zhū zhì hóng ,132,C,
朱志刚,zhū zhì gāng ,131,B,
朱之鑫,zhū zhī xīn ,111,A,
朱育理,zhū yù lǐ ,132,C,
朱学范,zhū xué fàn ,123,B,
朱森林,zhū sēn lín ,112,B,
朱F基,zhū róng jī ,121,C,
朱穆之,zhū mù zhī ,131,B,
朱丽兰,zhū lì lán ,132,C,
朱开轩,zhū kāi xuān ,111,A,
朱家璧,zhū jiā bì ,113,C,
朱厚泽,zhū hòu zé ,132,C,
朱光亚,zhū guāng yà ,113,C,
周子健,zhōu zǐ jiàn ,113,C,
周正庆,zhōu zhèng qìng ,133,A,
周永康,zhōu yǒng kāng ,121,C,
周雅光,zhōu yǎ guāng ,121,C,
周小舟,zhōu xiǎo zhōu ,121,C,
周小川,zhōu xiǎo chuān ,121,C,
周文华,zhōu wén huá ,122,A,
周巍峙,zhōu wēi zhì ,113,C,
周声涛,zhōu shēng tāo ,111,A,
周生贤,zhōu shēng xián ,112,B,
周绍铮,zhōu shào zhēng ,131,B,
周荣鑫,zhōu róng xīn ,121,C,
周建人,zhōu jiàn rén ,132,C,
周建南,zhōu jiàn nán ,132,C,
周国富,zhōu guó fù ,123,B,
周光召,zhōu guāng zhào ,113,C,
周恩来,zhōu ēn lái ,112,B,
周持衡,zhōu chí héng ,122,A,
周伯华,zhōu bó huá ,122,A,
周保中,zhōu bǎo zhōng ,121,C,
仲兆隆,zhòng zhào lóng ,332,B,
钟起煌,zhōng qǐ huáng ,122,A,
钟夫翔,zhōng fū xiáng ,112,B,
郑万通,zhèng wàn tōng ,331,A,
郑拓彬,zhèng tuò bīn ,331,A,
郑天翔,zhèng tiān xiáng ,312,A,
郑斯林,zhèng sī lín ,312,A,
郑社奎,zhèng shè kuí ,332,B,
赵紫阳,zhào zǐ yáng ,322,C,
赵志浩,zhào zhì hào ,333,C,
赵增益,zhào zēng yì ,313,B,
赵辛初,zhào xīn chū ,311,C,
赵文甫,zhào wén fǔ ,322,C,
赵寿山,zhào shòu shān ,331,A,
赵守一,zhào shǒu yī ,321,B,
赵鹏飞,zhào péng fēi ,321,B,
赵乐际,zhào lè jì ,333,C,
赵金铎,zhào jīn duó ,312,A,
赵健民,zhào jiàn mín ,332,B,
赵洪祝,zhào hóng zhù ,323,A,
赵海峰,zhào hǎi fēng ,321,B,
赵富林,zhào fù lín ,332,B,
赵尔陆,zhào ěr lù ,323,A,
赵东宛,zhào dōng wǎn ,312,A,
赵德尊,zhào dé zūn ,321,B,
赵苍璧,zhào cāng bì ,313,B,
赵伯平,zhào bó píng ,322,C,
章乃器,zhāng nǎi qì ,123,B,
章伯钧,zhāng bó jun1 ,121,C,
张左己,zhāng zuǒ jǐ ,122,A,
张仲良,zhāng zhòng liáng ,132,C,
张中伟,zhāng zhōng wěi ,112,B,
张志坚,zhāng zhì jiān ,131,B,
张正德,zhāng zhèng dé ,132,C,
张再旺,zhāng zài wàng ,133,A,
张云逸,zhāng yún yì ,123,B,
张云川,zhāng yún chuān ,121,C,
张岳琦,zhāng yuè qí ,132,C,
张玉台,zhāng yù tái ,132,C,
张玉环,zhāng yù huán ,132,C,
张研农,zhāng yán nóng ,122,A,
张学忠,zhāng xué zhōng ,121,C,
张向明,zhāng xiàng míng ,132,C,
张奚若,zhāng xī ruò ,113,C,
张吾乐,zhāng wú lè ,123,B,
张闻天,zhāng wén tiān ,121,C,
张文岳,zhāng wén yuè ,123,B,
张文康,zhāng wén kāng ,121,C,
张文彬,zhāng wén bīn ,121,C,
张文碧,zhāng wén bì ,123,B,
张维庆,zhāng wéi qìng ,123,B,
张体学,zhāng tǐ xué ,122,A,
张树德,zhāng shù dé ,132,C,
张曙光,zhāng shǔ guāng ,121,C,
张世功,zhāng shì gōng ,131,B,
张全景,zhāng quán jǐng ,122,A,
张庆伟,zhāng qìng wěi ,132,C,
张庆黎,zhāng qìng lí ,132,C,
张启龙,zhāng qǐ lóng ,122,A,
张平化,zhāng píng huà ,123,B,
张霖之,zhāng lín zhī ,121,C,
张连珍,zhāng lián zhēn ,121,C,
张连奎,zhāng lián kuí ,122,A,
张立昌,zhāng lì chāng ,131,B,
张恺帆,zhāng kǎi fān ,121,C,
张俊九,zhāng jun4 jiǔ ,132,C,
张经武,zhāng jīng wǔ ,112,B,
张劲夫,zhāng jìn fū ,131,B,
张健民,zhāng jiàn mín ,132,C,
张际春,zhāng jì chūn ,131,B,
张基尧,zhāng jī yáo ,112,B,
张淮三,zhāng huái sān ,121,C,
张皓若,zhāng hào ruò ,133,A,
张帼英,zhāng guó yīng ,121,C,
张国声,zhāng guó shēng ,121,C,
张国基,zhāng guó jī ,121,C,
张国华,zhāng guó huá ,122,A,
张国光,zhāng guó guāng ,121,C,
张光年,zhāng guāng nián ,112,B,
张根生,zhāng gēn shēng ,111,A,
张高丽,zhāng gāo lì ,113,C,
张福森,zhāng fú sēn ,121,C,
张凤岐,zhāng fèng qí ,132,C,
张鼎丞,zhāng dǐng chéng ,122,A,
张丁华,zhāng dīng huá ,112,B,
张德生,zhāng dé shēng ,121,C,
张德邻,zhāng dé lín ,122,A,
张德江,zhāng dé jiāng ,121,C,
张春贤,zhāng chūn xián ,112,B,
张春桥,zhāng chūn qiáo ,112,B,
张勃兴,zhāng bó xìng ,121,C,
张宝顺,zhāng bǎo shùn ,123,B,
张柏林,zhāng bǎi lín ,122,A,
张爱萍,zhāng ài píng ,132,C,
云布龙,yún bù lóng ,232,A,
岳岐峰,yuè qí fēng ,321,B,
袁学凯,yuán xué kǎi ,222,B,
袁伟民,yuán wěi mín ,222,B,
袁任远,yuán rèn yuǎn ,232,A,
袁启彤,yuán qǐ tóng ,222,B,
袁纯清,yuán chún qīng ,221,A,
袁宝华,yuán bǎo huá ,222,B,
俞正声,yú zhèng shēng ,231,C,
余秋里,yú qiū lǐ ,212,C,
于幼军,yú yòu jun1 ,231,C,
于一川,yú yī chuān ,211,B,
于明涛,yú míng tāo ,221,A,
于均波,yú jun1 bō ,211,B,
于会泳,yú huì yǒng ,232,A,
于洪恩,yú hóng ēn ,221,A,
游德馨,yóu dé xīn ,221,A,
尤太忠,yóu tài zhōng ,231,C,
雍文涛,yōng wén tāo ,121,C,
尹蔚民,yǐn wèi mín ,232,A,
尹林平,yǐn lín píng ,222,B,
尹克升,yǐn kè shēng ,231,C,
殷承祯,yīn chéng zhēn ,121,C,
阴法唐,yīn fǎ táng ,122,A,
叶选平,yè xuǎn píng ,322,C,
叶如棠,yè rú táng ,322,C,
叶连松,yè lián sōng ,321,B,
叶剑英,yè jiàn yīng ,331,A,
叶季壮,yè jì zhuàng ,333,C,
叶公琦,yè gōng qí ,312,A,
姚振炎,yáo zhèn yán ,232,A,
姚依林,yáo yī lín ,212,C,
姚文绪,yáo wén xù ,223,C,
杨植霖,yáng zhí lín ,222,B,
杨正午,yáng zhèng wǔ ,232,A,
杨振杰,yáng zhèn jié ,232,A,
杨振怀,yáng zhèn huái ,232,A,
杨泽江,yáng zé jiāng ,221,A,
杨元元,yáng yuán yuán ,222,B,
杨永良,yáng yǒng liáng ,222,B,
杨英杰,yáng yīng jié ,212,C,
杨易辰,yáng yì chén ,232,A,
杨一辰,yáng yī chén ,212,C,
杨秀峰,yáng xiù fēng ,231,C,
杨献珍,yáng xiàn zhēn ,231,C,
杨析综,yáng xī zōng ,211,B,
杨蔚屏,yáng wèi píng ,232,A,
杨泰芳,yáng tài fāng ,231,C,
杨尚昆,yáng shàng kūn ,231,C,
杨尚奎,yáng shàng kuí ,232,A,
杨汝岱,yáng rǔ dài ,223,C,
杨立三,yáng lì sān ,231,C,
杨立功,yáng lì gōng ,231,C,
杨静仁,yáng jìng rén ,232,A,
杨景宇,yáng jǐng yǔ ,222,B,
杨洁篪,yáng jié chí ,222,B,
杨海波,yáng hǎi bō ,221,A,
杨耕田,yáng gēng tián ,212,C,
杨多良,yáng duō liáng ,212,C,
杨东生,yáng dōng shēng ,211,B,
杨得志,yáng dé zhì ,223,C,
杨传堂,yáng chuán táng ,222,B,
杨崇汇,yáng chóng huì ,223,C,
阳翰笙,yáng hàn shēng ,231,C,
阳安江,yáng ān jiāng ,211,B,
阎明复,yán míng fù ,223,C,
阎济民,yán jì mín ,232,A,
阎红彦,yán hóng yàn ,223,C,
阎海旺,yán hǎi wàng ,223,C,
阎达开,yán dá kāi ,221,A,
严佑民,yán yòu mín ,232,A,
严克伦,yán kè lún ,232,A,
薛宏福,xuē hóng fú ,122,A,
许仲林,xǔ zhòng lín ,232,A,
许中田,xǔ zhōng tián ,212,C,
许永跃,xǔ yǒng yuè ,223,C,
许世友,xǔ shì yǒu ,232,A,
许士杰,xǔ shì jié ,232,A,
许梦侠,xǔ mèng xiá ,232,A,
许家屯,xǔ jiā tún ,212,C,
许飞清,xǔ fēi qīng ,211,B,
许德珩,xǔ dé héng ,222,B,
许道琦,xǔ dào qí ,232,A,
徐运北,xú yùn běi ,232,A,
徐有芳,xú yǒu fāng ,221,A,
徐向前,xú xiàng qián ,232,A,
徐守盛,xú shǒu shèng ,223,C,
徐绍史,xú shào shǐ ,232,A,
徐少甫,xú shǎo fǔ ,222,B,
徐荣凯,xú róng kǎi ,222,B,
徐鹏航,xú péng háng ,222,B,
徐匡迪,xú kuāng dí ,212,C,
徐今强,xú jīn qiáng ,212,C,
徐健生,xú jiàn shēng ,231,C,
徐光春,xú guāng chūn ,211,B,
徐冠华,xú guàn huá ,212,C,
邢肇棠,xíng zhào táng ,232,A,
邢元敏,xíng yuán mǐn ,222,B,
邢元敏,xíng yuán mǐn ,222,B,
邢永宁,xíng yǒng níng ,222,B,
邢崇智,xíng chóng zhì ,223,C,
谢振华,xiè zhèn huá ,332,B,
谢旭人,xiè xù rén ,332,B,
谢希德,xiè xī dé ,312,A,
谢世杰,xiè shì jié ,332,B,
谢觉哉,xiè jiào zāi ,321,B,
谢伏瞻,xiè fú zhān ,321,B,
项宗西,xiàng zōng xī ,311,C,
项怀诚,xiàng huái chéng ,322,C,
项淳一,xiàng chún yī ,321,B,
冼恒汉,xiǎn héng hàn ,223,C,
习仲勋,xí zhòng xūn ,231,C,
习近平,xí jìn píng ,232,A,
武新宇,wǔ xīn yǔ ,212,C,
武光汤,wǔ guāng tāng ,211,B,
伍绍祖,wǔ shào zǔ ,232,A,
伍精华,wǔ jīng huá ,212,C,
伍洪祥,wǔ hóng xiáng ,222,B,
吴祖强,wú zǔ qiáng ,222,B,
吴亦侠,wú yì xiá ,232,A,
吴学谦,wú xué qiān ,221,A,
吴新雄,wú xīn xióng ,212,C,
吴文英,wú wén yīng ,221,A,
吴庆彤,wú qìng tóng ,232,A,
吴南生,wú nán shēng ,221,A,
吴冷西,wú lěng xī ,221,A,
吴基传,wú jī chuán ,212,C,
吴恒权,wú héng quán ,222,B,
吴官正,wú guān zhèng ,213,A,
吴定富,wú dìng fù ,233,B,
吴邦国,wú bāng guó ,212,C,
吴爱英,wú ài yīng ,231,C,
乌力吉,wū lì jí ,132,C,
乌兰夫,wū lán fū ,121,C,
闻世震,wén shì zhèn ,233,B,
文敏生,wén mǐn shēng ,221,A,
温家宝,wēn jiā bǎo ,112,B,
魏鸣一,wèi míng yī ,321,B,
魏礼群,wèi lǐ qún ,322,C,
魏金水,wèi jīn shuǐ ,312,A,
尉健行,wèi jiàn háng ,332,B,
卫留成,wèi liú chéng ,322,C,
韦国清,wéi guó qīng ,221,A,
韦纯束,wéi chún shù ,223,C,
王子纲,wáng zǐ gāng ,211,B,
王众孚,wáng zhòng fú ,232,A,
王忠禹,wáng zhōng yǔ ,212,C,
王正伟,wáng zhèng wěi ,232,A,
王兆国,wáng zhào guó ,232,A,
王云龙,wáng yún lóng ,222,B,
王云坤,wáng yún kūn ,221,A,
王郁昭,wáng yù zhāo ,231,C,
王一平,wáng yī píng ,212,C,
王一平,wáng yī píng ,212,C,
王一伦,wáng yī lún ,212,C,
王学仁,wáng xué rén ,222,B,
王旭东,wáng xù dōng ,231,C,
王效禹,wáng xiào yǔ ,232,A,
王维澄,wáng wéi chéng ,222,B,
王庭栋,wáng tíng dòng ,223,C,
王太华,wáng tài huá ,232,A,
王思齐,wáng sī qí ,212,C,
王书枫,wáng shū fēng ,211,B,
王首道,wáng shǒu dào ,223,C,
王世英,wáng shì yīng ,231,C,
王世泰,wáng shì tài ,233,B,
王生铁,wáng shēng tiě ,212,C,
王森浩,wáng sēn hào ,213,A,
王三运,wáng sān yùn ,213,A,
王荣生,wáng róng shēng ,221,A,
王任重,wáng rèn zhòng ,233,B,
王忍之,wáng rěn zhī ,221,A,
王全书,wáng quán shū ,221,A,
王岐山,wáng qí shān ,221,A,
王梦奎,wáng mèng kuí ,232,A,
王茂林,wáng mào lín ,232,A,
王路明,wáng lù míng ,232,A,
王力平,wáng lì píng ,232,A,
王乐泉,wáng lè quán ,232,A,
王克英,wáng kè yīng ,231,C,
王克文,wáng kè wén ,232,A,
王巨禄,wáng jù lù ,233,B,
王金璋,wáng jīn zhāng ,211,B,
王金山,wáng jīn shān ,211,B,
王建功,wáng jiàn gōng ,231,C,
王稼祥,wáng jià xiáng ,232,A,
王家扬,wáng jiā yáng ,212,C,
王家瑞,wáng jiā ruì ,213,A,
王淮湘,wáng huái xiāng ,221,A,
王怀远,wáng huái yuǎn ,222,B,
王化云,wáng huà yún ,232,A,
王沪宁,wáng hù níng ,232,A,
王鸿举,wáng hóng jǔ ,222,B,
王鹤寿,wáng hè shòu ,233,B,
王汉斌,wáng hàn bīn ,231,C,
王国权,wáng guó quán ,222,B,
王国发,wáng guó fā ,221,A,
王广宪,wáng guǎng xiàn ,223,C,
王光中,wáng guāng zhōng ,211,B,
王光宇,wáng guāng yǔ ,212,C,
王恩茂,wáng ēn mào ,213,A,
王东明,wáng dōng míng ,212,C,
王大任,wáng dà rèn ,233,B,
王大明,wáng dà míng ,232,A,
王从吾,wáng cóng wú ,222,B,
王春正,wáng chūn zhèng ,213,A,
王朝文,wáng cháo wén ,222,B,
王秉璋,wáng bǐng zhāng ,221,A,
王秉祥,wáng bǐng xiáng ,222,B,
王丙乾,wáng bǐng qián ,222,B,
汪啸风,wāng xiào fēng ,131,B,
汪恕诚,wāng shù chéng ,132,C,
汪家道,wāng jiā dào ,113,C,
汪光焘,wāng guāng tāo ,113,C,
汪东兴,wāng dōng xìng ,111,A,
汪道涵,wāng dào hán ,132,C,
万学远,wàn xué yuǎn ,322,C,
万绍芬,wàn shào fēn ,331,A,
田纪云,tián jì yún ,232,A,
田凤山,tián fèng shān ,231,C,
田聪明,tián cōng míng ,212,C,
田成平,tián chéng píng ,222,B,
滕文生,téng wén shēng ,221,A,
滕海清,téng hǎi qīng ,221,A,
滕代远,téng dài yuǎn ,232,A,
陶武先,táo wǔ xiān ,221,A,
陶驷驹,táo sì jū ,231,C,
陶鲁笳,táo lǔ jiā ,221,A,
唐家璇,táng jiā xuán ,212,C,
谭震林,tán zhèn lín ,232,A,
谭文瑞,tán wén ruì ,223,C,
谭绍文,tán shào wén ,232,A,
谭启龙,tán qǐ lóng ,222,B,
谭平山,tán píng shān ,221,A,
谭冠三,tán guàn sān ,211,B,
谭甫仁,tán fǔ rén ,222,B,
覃应机,tán yīng jī ,211,B,
谈维煦,tán wéi xù ,223,C,
孙作宾,sūn zuò bīn ,131,B,
孙志远,sūn zhì yuǎn ,132,C,
孙政才,sūn zhèng cái ,132,C,
孙文盛,sūn wén shèng ,123,B,
孙维本,sūn wéi běn ,122,A,
孙淑义,sūn shū yì ,113,C,
孙尚清,sūn shàng qīng ,131,B,
孙敬文,sūn jìng wén ,132,C,
孙家正,sūn jiā zhèng ,113,C,
孙国治,sūn guó zhì ,123,B,
孙大光,sūn dà guāng ,131,B,
孙春兰,sūn chūn lán ,112,B,
苏振华,sū zhèn huá ,132,C,
苏毅然,sū yì rán ,132,C,
苏谦益,sū qiān yì ,113,C,
宋振明,sòng zhèn míng ,332,B,
宋照肃,sòng zhào sù ,333,C,
宋育英,sòng yù yīng ,331,A,
宋玉玺,sòng yù xǐ ,332,B,
宋一平,sòng yī píng ,312,A,
宋养初,sòng yǎng chū ,321,B,
宋秀岩,sòng xiù yán ,332,B,
宋瑞祥,sòng ruì xiáng ,332,B,
宋任穷,sòng rèn qióng ,332,B,
宋平顺,sòng píng shùn ,323,A,
宋佩璋,sòng pèi zhāng ,331,A,
宋季文,sòng jì wén ,332,B,
宋法棠,sòng fǎ táng ,322,C,
宋德敏,sòng dé mǐn ,322,C,
宋德福,sòng dé fú ,322,C,
宋宝瑞,sòng bǎo ruì ,323,A,
舒圣佑,shū shèng yòu ,133,A,
舒惠国,shū huì guó ,132,C,
史钧杰,shǐ jun1 jié ,212,C,
史大桢,shǐ dà zhēn ,231,C,
石宗源,shí zōng yuán ,212,C,
石秀诗,shí xiù shī ,231,C,
石万鹏,shí wàn péng ,232,A,
石生荣,shí shēng róng ,212,C,
石广生,shí guǎng shēng ,221,A,
盛华仁,shèng huá rén ,322,C,
盛光祖,shèng guāng zǔ ,312,A,
沈祖伦,shěn zǔ lún ,222,B,
沈因洛,shěn yīn luò ,213,A,
沈雁冰,shěn yàn bīng ,231,C,
沈达人,shěn dá rén ,222,B,
申云浦,shēn yún pǔ ,122,A,
申效曾,shēn xiào céng ,132,C,
邵式平,shào shì píng ,332,B,
邵荃麟,shào quán lín ,322,C,
邵奇惠,shào qí huì ,323,A,
邵华泽,shào huá zé ,322,C,
尚福林,shàng fú lín ,322,C,
商景才,shāng jǐng cái ,122,A,
沙文汉,shā wén hàn ,123,B,
沙千里,shā qiān lǐ ,112,B,
桑结加,sāng jié jiā ,121,C,
芮杏文,ruì xìng wén ,332,B,
阮崇武,ruǎn chóng wǔ ,222,B,
阮泊生,ruǎn bó shēng ,221,A,
荣毅仁,róng yì rén ,232,A,
任仲夷,rèn zhòng yí ,332,B,
任启兴,rèn qǐ xìng ,321,B,
任克礼,rèn kè lǐ ,332,B,
任白戈,rèn bái gē ,321,B,
饶漱石,ráo shù shí ,232,A,
全哲洙,quán zhé zhū ,221,A,
全树仁,quán shù rén ,232,A,
区梦觉,qū mèng jiào ,132,C,
邱创成,qiū chuàng chéng ,132,C,
秦仲达,qín zhòng dá ,232,A,
秦玉琴,qín yù qín ,232,A,
秦基伟,qín jī wěi ,212,C,
秦和珍,qín hé zhēn ,221,A,
秦光荣,qín guāng róng ,212,C,
乔晓阳,qiáo xiǎo yáng ,222,B,
乔晓光,qiáo xiǎo guāng ,221,A,
乔冠华,qiáo guàn huá ,212,C,
强晓初,qiáng xiǎo chū ,221,A,
钱钟韩,qián zhōng hán ,212,C,
钱之光,qián zhī guāng ,211,B,
钱正英,qián zhèng yīng ,231,C,
钱运录,qián yùn lù ,233,B,
钱永昌,qián yǒng chāng ,221,A,
钱信忠,qián xìn zhōng ,231,C,
钱其琛,qián qí chēn ,221,A,
钱李仁,qián lǐ rén ,222,B,
钱冠林,qián guàn lín ,212,C,
千奋勇,qiān fèn yǒng ,132,C,
齐燕铭,qí yàn míng ,232,A,
齐怀远,qí huái yuǎn ,222,B,
戚元靖,qī yuán jìng ,123,B,
普朝柱,pǔ cháo zhù ,223,C,
蒲海清,pú hǎi qīng ,221,A,
平杰三,píng jié sān ,221,A,
彭友今,péng yǒu jīn ,221,A,
彭云,péng pèi yún ,232,A,
彭德清,péng dé qīng ,221,A,
彭德怀,péng dé huái ,222,B,
裴丽生,péi lì shēng ,231,C,
逄先知,páng xiān zhī ,211,B,
潘自力,pān zì lì ,133,A,
潘复生,pān fù shēng ,131,B,
欧阳淞,ōu yáng sōng ,121,C,
欧阳钦,ōu yáng qīn ,121,C,
欧广源,ōu guǎng yuán ,122,A,
钮茂生,niǔ mào shēng ,231,C,
牛荫冠,niú yīn guàn ,231,C,
聂荣臻,niè róng zhēn ,321,B,
聂璧初,niè bì chū ,331,A,
倪志福,ní zhì fú ,232,A,
倪献策,ní xiàn cè ,233,B,
南汉宸,nán hàn chén ,232,A,
牟新生,móu xīn shēng ,211,B,
莫文祥,mò wén xiáng ,322,C,
苗春亭,miáo chūn tíng ,212,C,
孟学农,mèng xué nóng ,322,C,
孟建柱,mèng jiàn zhù ,333,C,
孟富林,mèng fù lín ,332,B,
毛致用,máo zhì yòng ,233,B,
毛如柏,máo rú bǎi ,222,B,
毛齐华,máo qí huá ,222,B,
马忠臣,mǎ zhōng chén ,212,C,
马中平,mǎ zhōng píng ,212,C,
马叙伦,mǎ xù lún ,232,A,
马兴元,mǎ xìng yuán ,212,C,
马文瑞,mǎ wén ruì ,223,C,
马万里,mǎ wàn lǐ ,232,A,
马铁山,mǎ tiě shān ,221,A,
马思忠,mǎ sī zhōng ,211,B,
马庆生,mǎ qìng shēng ,231,C,
马青年,mǎ qīng nián ,212,C,
马启智,mǎ qǐ zhì ,223,C,
马明方,mǎ míng fāng ,221,A,
马继孔,mǎ jì kǒng ,232,A,
马国瑞,mǎ guó ruì ,223,C,
马国良,mǎ guó liáng ,222,B,
吕祖善,lǚ zǔ shàn ,223,C,
吕正操,lǚ zhèng cāo ,231,C,
吕培俭,lǚ péi jiǎn ,222,B,
吕剑人,lǚ jiàn rén ,232,A,
吕福源,lǚ fú yuán ,222,B,
吕传赞,lǚ chuán zàn ,223,C,
罗志军,luó zhì jun1 ,231,C,
罗玉川,luó yù chuān ,231,C,
罗瑞卿,luó ruì qīng ,231,C,
罗清泉,luó qīng quán ,212,C,
罗隆基,luó lóng jī ,221,A,
罗贵波,luó guì bō ,231,C,
罗成德,luó chéng dé ,222,B,
罗保铭,luó bǎo míng ,222,B,
路甬祥,lù yǒng xiáng ,322,C,
陆懋曾,lù mào céng ,332,B,
陆定一,lù dìng yī ,331,A,
鲁瑞林,lǔ ruì lín ,232,A,
鲁大东,lǔ dà dōng ,231,C,
卢钟鹤,lú zhōng hè ,213,A,
卢展工,lú zhǎn gōng ,221,A,
卢瑞华,lú ruì huá ,232,A,
卢荣景,lú róng jǐng ,222,B,
卢克俭,lú kè jiǎn ,232,A,
卢嘉锡,lú jiā xī ,211,B,
卢功勋,lú gōng xūn ,211,B,
龙志毅,lóng zhì yì ,233,B,
龙新民,lóng xīn mín ,212,C,
龙书金,lóng shū jīn ,211,B,
柳斌杰,liǔ bīn jié ,212,C,
刘子厚,liú zǐ hòu ,213,A,
刘仲藜,liú zhòng lí ,232,A,
刘忠德,liú zhōng dé ,212,C,
刘中一,liú zhōng yī ,211,B,
刘志忠,liú zhì zhōng ,231,C,
刘志军,liú zhì jun1 ,231,C,
刘芝明,liú zhī míng ,212,C,
刘正威,liú zhèng wēi ,231,C,
刘振华,liú zhèn huá ,232,A,
刘泽民,liú zé mín ,222,B,
刘云沼,liú yún zhǎo ,222,B,
刘云山,liú yún shān ,221,A,
刘云耕,liú yún gēng ,221,A,
刘裕民,liú yù mín ,232,A,
刘有光,liú yǒu guāng ,221,A,
刘延东,liú yán dōng ,221,A,
刘秀峰,liú xiù fēng ,231,C,
刘兴元,liú xìng yuán ,212,C,
刘湘屏,liú xiāng píng ,212,C,
刘锡五,liú xī wǔ ,212,C,
刘西尧,liú xī yáo ,212,C,
刘文辉,liú wén huī ,221,A,
刘田夫,liú tián fū ,221,A,
刘树生,liú shù shēng ,231,C,
刘述卿,liú shù qīng ,231,C,
刘胜玉,liú shèng yù ,233,B,
刘少奇,liú shǎo qí ,222,B,
刘奇葆,liú qí bǎo ,222,B,
刘宁一,liú níng yī ,221,A,
刘明祖,liú míng zǔ ,222,B,
刘明康,liú míng kāng ,221,A,
刘明辉,liú míng huī ,221,A,
刘澜涛,liú lán tāo ,221,A,
刘澜波,liú lán bō ,221,A,
刘晋峰,liú jìn fēng ,231,C,
刘剑锋,liú jiàn fēng ,231,C,
刘建章,liú jiàn zhāng ,231,C,
刘建勋,liú jiàn xūn ,231,C,
刘家义,liú jiā yì ,213,A,
刘纪原,liú jì yuán ,232,A,
刘积斌,liú jī bīn ,211,B,
刘华秋,liú huá qiū ,221,A,
刘国范,liú guó fàn ,223,C,
刘光涛,liú guāng tāo ,211,B,
刘格平,liú gé píng ,222,B,
刘复之,liú fù zhī ,231,C,
刘夫生,liú fū shēng ,211,B,
刘凤仪,liú fèng yí ,232,A,
刘方仁,liú fāng rén ,212,C,
刘导生,liú dǎo shēng ,221,A,
刘秉彦,liú bǐng yàn ,223,C,
刘白羽,liú bái yǔ ,222,B,
令计划,lìng jì huá ,333,C,
令狐安,lìng hú ān ,321,B,
林宗棠,lín zōng táng ,212,C,
林兆枢,lín zhào shū ,231,C,
林英海,lín yīng hǎi ,212,C,
林树森,lín shù sēn ,231,C,
林默涵,lín mò hán ,232,A,
林乎加,lín hū jiā ,211,B,
林汉雄,lín hàn xióng ,232,A,
廖志高,liào zhì gāo ,331,A,
廖鲁言,liào lǔ yán ,322,C,
廖承志,liào chéng zhì ,323,A,
廖伯康,liào bó kāng ,321,B,
梁威林,liáng wēi lín ,212,C,
梁绮萍,liáng qǐ píng ,222,B,
梁灵光,liáng líng guāng ,221,A,
梁光烈,liáng guāng liè ,213,A,
梁步庭,liáng bù tíng ,232,A,
梁保华,liáng bǎo huá ,222,B,
栗战书,lì zhàn shū ,331,A,
栗又文,lì yòu wén ,332,B,
李子奇,lǐ zǐ qí ,212,C,
李子超,lǐ zǐ chāo ,211,B,
李卓然,lǐ zhuó rán ,222,B,
李烛尘,lǐ zhú chén ,222,B,
李智盛,lǐ zhì shèng ,233,B,
李志坚,lǐ zhì jiān ,231,C,
李至伦,lǐ zhì lún ,232,A,
李肇星,lǐ zhào xīng ,231,C,
李兆焯,lǐ zhào chāo ,232,A,
李长江,lǐ zhǎng jiāng ,221,A,
李长春,lǐ zhǎng chūn ,221,A,
李泽民,lǐ zé mín ,222,B,
李再含,lǐ zài hán ,232,A,
李恽和,lǐ yùn hé ,232,A,
李运昌,lǐ yùn chāng ,231,C,
李源潮,lǐ yuán cháo ,222,B,
李毅中,lǐ yì zhōng ,231,C,
李雪峰,lǐ xuě fēng ,221,A,
李学智,lǐ xué zhì ,223,C,
李学举,lǐ xué jǔ ,222,B,
李绪鄂,lǐ xù è ,233,B,
李修仁,lǐ xiū rén ,212,C,
李修仁,lǐ xiū rén ,212,C,
李兴旺,lǐ xìng wàng ,213,A,
李先念,lǐ xiān niàn ,213,A,
李溪溥,lǐ xī pǔ ,212,C,
李锡铭,lǐ xī míng ,212,C,
李文珊,lǐ wén shān ,221,A,
李维汉,lǐ wéi hàn ,223,C,
李铁映,lǐ tiě yìng ,223,C,
李铁林,lǐ tiě lín ,222,B,
李素文,lǐ sù wén ,232,A,
李四光,lǐ sì guāng ,231,C,
李水清,lǐ shuǐ qīng ,221,A,
李树文,lǐ shù wén ,232,A,
李淑铮,lǐ shū zhēng ,211,B,
李书城,lǐ shū chéng ,212,C,
李盛霖,lǐ shèng lín ,232,A,
李瑞山,lǐ ruì shān ,231,C,
李瑞环,lǐ ruì huán ,232,A,
李荣融,lǐ róng róng ,222,B,
李人俊,lǐ rén jun4 ,223,C,
李庆伟,lǐ qìng wěi ,232,A,
李启明,lǐ qǐ míng ,222,B,
李其炎,lǐ qí yán ,222,B,
李梦龄,lǐ mèng líng ,232,A,
李梦华,lǐ mèng huá ,232,A,
李良汉,lǐ liáng hàn ,223,C,
李立三,lǐ lì sān ,231,C,
李立功,lǐ lì gōng ,231,C,
李力安,lǐ lì ān ,231,C,
李岚清,lǐ lán qīng ,221,A,
李克强,lǐ kè qiáng ,232,A,
李克农,lǐ kè nóng ,232,A,
李聚奎,lǐ jù kuí ,232,A,
李景田,lǐ jǐng tián ,222,B,
李景林,lǐ jǐng lín ,222,B,
李井泉,lǐ jǐng quán ,222,B,
李金明,lǐ jīn míng ,212,C,
李金华,lǐ jīn huá ,212,C,
李剑白,lǐ jiàn bái ,232,A,
李建国,lǐ jiàn guó ,232,A,
李坚真,lǐ jiān zhēn ,211,B,
李嘉廷,lǐ jiā tíng ,212,C,
李继耐,lǐ jì nài ,233,B,
李际泰,lǐ jì tài ,233,B,
李鸿忠,lǐ hóng zhōng ,221,A,
李海峰,lǐ hǎi fēng ,221,A,
李国豪,lǐ guó háo ,222,B,
李桂英,lǐ guì yīng ,231,C,
李贵鲜,lǐ guì xiān ,231,C,
李富春,lǐ fù chūn ,231,C,
李丰平,lǐ fēng píng ,212,C,
李范五,lǐ fàn wǔ ,232,A,
李尔重,lǐ ěr zhòng ,223,C,
李东冶,lǐ dōng yě ,212,C,
李砥平,lǐ dǐ píng ,222,B,
李登瀛,lǐ dēng yíng ,212,C,
李德洙,lǐ dé zhū ,221,A,
李德仲,lǐ dé zhòng ,223,C,
李德生,lǐ dé shēng ,221,A,
李德全,lǐ dé quán ,222,B,
李大章,lǐ dà zhāng ,231,C,
李从军,lǐ cóng jun1 ,221,A,
李春亭,lǐ chūn tíng ,212,C,
李传卿,lǐ chuán qīng ,221,A,
李成玉,lǐ chéng yù ,223,C,
李成芳,lǐ chéng fāng ,221,A,
李常青,lǐ cháng qīng ,221,A,
李昌安,lǐ chāng ān ,211,B,
李伯勇,lǐ bó yǒng ,222,B,
李葆华,lǐ bǎo huá ,222,B,
蓝亦农,lán yì nóng ,232,A,
赖若愚,lài ruò yú ,332,B,
赖际发,lài jì fā ,331,A,
来金烈,lái jīn liè ,213,A,
寇庆延,kòu qìng yán ,332,B,
柯庆施,kē qìng shī ,131,B,
康世恩,kāng shì ēn ,131,B,
康克清,kāng kè qīng ,131,B,
康健民,kāng jiàn mín ,132,C,
金银焕,jīn yín huàn ,123,B,
金人庆,jīn rén qìng ,123,B,
金基鹏,jīn jī péng ,112,B,
金炳华,jīn bǐng huá ,122,A,
解振华,jiě zhèn huá ,232,A,
解学恭,jiě xué gōng ,221,A,
焦若愚,jiāo ruò yú ,132,C,
焦林义,jiāo lín yì ,123,B,
蒋祝平,jiǎng zhù píng ,232,A,
蒋以任,jiǎng yǐ rèn ,223,C,
蒋心雄,jiǎng xīn xióng ,212,C,
蒋南翔,jiǎng nán xiáng ,222,B,
蒋民宽,jiǎng mín kuān ,221,A,
蒋巨峰,jiǎng jù fēng ,231,C,
蒋光鼐,jiǎng guāng nài ,213,A,
蒋冠庄,jiǎng guàn zhuāng ,211,B,
姜异康,jiāng yì kāng ,131,B,
姜伟新,jiāng wěi xīn ,121,C,
姜恩柱,jiāng ēn zhù ,113,C,
姜大明,jiāng dà míng ,132,C,
姜春云,jiāng chūn yún ,112,B,
江泽民,jiāng zé mín ,122,A,
江一真,jiāng yī zhēn ,111,A,
江渭清,jiāng wèi qīng ,131,B,
贾治邦,jiǎ zhì bāng ,231,C,
贾志杰,jiǎ zhì jié ,232,A,
贾拓夫,jiǎ tuò fū ,231,C,
贾庭三,jiǎ tíng sān ,221,A,
贾庆林,jiǎ qìng lín ,232,A,
贾启允,jiǎ qǐ yǔn ,222,B,
贾春旺,jiǎ chūn wàng ,213,A,
冀春光,jì chūn guāng ,311,C,
季允石,jì yǔn shí ,322,C,
吉炳轩,jí bǐng xuān ,221,A,
姬鹏飞,jī péng fēi ,121,C,
霍士廉,huò shì lián ,332,B,
霍明光,huò míng guāng ,321,B,
惠浴宇,huì yù yǔ ,332,B,
回良玉,huí liáng yù ,223,C,
黄忠学,huáng zhōng xué ,212,C,
黄智权,huáng zhì quán ,232,A,
黄志刚,huáng zhì gāng ,231,C,
黄知真,huáng zhī zhēn ,211,B,
黄镇东,huáng zhèn dōng ,231,C,
黄永胜,huáng yǒng shèng ,223,C,
黄毅诚,huáng yì chéng ,232,A,
黄炎培,huáng yán péi ,222,B,
黄小晶,huáng xiǎo jīng ,221,A,
黄晴宜,huáng qíng yí ,222,B,
黄启b,huáng qǐ zǎo ,222,B,
黄欧东,huáng ōu dōng ,211,B,
黄罗斌,huáng luó bīn ,221,A,
黄丽满,huáng lì mǎn ,232,A,
黄克诚,huáng kè chéng ,232,A,
黄静波,huáng jìng bō ,231,C,
黄火青,huáng huǒ qīng ,221,A,
黄华华,huáng huá huá ,222,B,
华建敏,huá jiàn mǐn ,232,A,
华国锋,huá guó fēng ,221,A,
胡昭衡,hú zhāo héng ,212,C,
胡愈之,hú yù zhī ,231,C,
胡耀邦,hú yào bāng ,231,C,
胡乔木,hú qiáo mù ,223,C,
胡启立,hú qǐ lì ,223,C,
胡康生,hú kāng shēng ,211,B,
胡锦涛,hú jǐn tāo ,221,A,
胡绩伟,hú jì wěi ,232,A,
胡富国,hú fù guó ,232,A,
胡德平,hú dé píng ,222,B,
胡春华,hú chūn huá ,212,C,
胡传治,hú chuán zhì ,223,C,
侯宗宾,hóu zōng bīn ,311,C,
洪学智,hóng xué zhì ,223,C,
黑伯理,hēi bó lǐ ,122,A,
贺国强,hè guó qiáng ,322,C,
和志强,hé zhì qiáng ,232,A,
何竹康,hé zhú kāng ,221,A,
何香凝,hé xiāng níng ,212,C,
何郝炬,hé hǎo jù ,223,C,
何光远,hé guāng yuǎn ,212,C,
何东昌,hé dōng chāng ,211,B,
何椿霖,hé chūn lín ,212,C,
郝秀山,hǎo xiù shān ,231,C,
郝田役,hǎo tián yì ,223,C,
郝建秀,hǎo jiàn xiù ,233,B,
韩杼滨,hán zhù bīn ,231,C,
韩长赋,hán zhǎng fù ,223,C,
韩寓群,hán yù qún ,232,A,
韩应选,hán yīng xuǎn ,212,C,
韩先楚,hán xiān chǔ ,212,C,
韩喜凯,hán xǐ kǎi ,222,B,
韩培信,hán péi xìn ,223,C,
韩宁夫,hán níng fū ,221,A,
韩桂芝,hán guì zhī ,231,C,
郭振乾,guō zhèn qián ,132,C,
郭裕怀,guō yù huái ,132,C,
郭玉峰,guō yù fēng ,131,B,
郭影秋,guō yǐng qiū ,121,C,
郭锡兰,guō xī lán ,112,B,
郭维城,guō wéi chéng ,122,A,
郭树言,guō shù yán ,132,C,
郭声琨,guō shēng kūn ,111,A,
郭荣昌,guō róng chāng ,121,C,
郭沫若,guō mò ruò ,133,A,
郭力文,guō lì wén ,132,C,
郭金龙,guō jīn lóng ,112,B,
郭庚茂,guō gēng mào ,113,C,
郭东坡,guō dōng pō ,111,A,
郭超人,guō chāo rén ,112,B,
桂世镛,guì shì yōng ,331,A,
关广富,guān guǎng fù ,123,B,
顾卓新,gù zhuó xīn ,321,B,
顾秀莲,gù xiù lián ,332,B,
顾金池,gù jīn chí ,312,A,
顾昂然,gù áng rán ,322,C,
龚学平,gōng xué píng ,122,A,
耿惠昌,gěng huì chāng ,231,C,
葛洪升,gě hóng shēng ,221,A,
高镇宁,gāo zhèn níng ,132,C,
高占祥,gāo zhàn xiáng ,132,C,
高扬文,gāo yáng wén ,122,A,
高祀仁,gāo sì rén ,132,C,
高克亭,gāo kè tíng ,132,C,
高克林,gāo kè lín ,132,C,
高健君,gāo jiàn jun1 ,131,B,
高德占,gāo dé zhàn ,123,B,
高昌礼,gāo chāng lǐ ,112,B,
傅作义,fù zuò yì ,333,C,
傅志寰,fù zhì huán ,332,B,
傅锡寿,fù xī shòu ,313,B,
傅克诚,fù kè chéng ,332,B,
冯仲云,féng zhòng yún ,232,A,
冯元蔚,féng yuán wèi ,223,C,
冯雪峰,féng xuě fēng ,221,A,
冯文彬,féng wén bīn ,221,A,
冯纪新,féng jì xīn ,231,C,
冯国勤,féng guó qín ,222,B,
房凤友,fáng fèng yǒu ,232,A,
方仲如,fāng zhòng rú ,132,C,
方志纯,fāng zhì chún ,132,C,
方兆祥,fāng zhào xiáng ,132,C,
范子瑜,fàn zǐ yú ,312,A,
范长江,fàn zhǎng jiāng ,321,B,
范式人,fàn shì rén ,332,B,
范钦臣,fàn qīn chén ,312,A,
范敬宜,fàn jìng yí ,332,B,
段应碧,duàn yīng bì ,313,B,
段君毅,duàn jun1 yì ,313,B,
杜者蘅,dù zhě héng ,322,C,
杜星垣,dù xīng yuán ,312,A,
杜心源,dù xīn yuán ,312,A,
杜润生,dù rùn shēng ,331,A,
杜青林,dù qīng lín ,312,A,
杜德印,dù dé yìn ,323,A,
董必武,dǒng bì wǔ ,232,A,
丁衡高,dīng héng gāo ,121,C,
丁国钰,dīng guó yù ,123,B,
丁关根,dīng guān gēn ,111,A,
邓子恢,dèng zǐ huī ,311,C,
邓小平,dèng xiǎo píng ,322,C,
邓力群,dèng lì qún ,332,B,
邓鸿勋,dèng hóng xūn ,321,B,
邓宝珊,dèng bǎo shān ,321,B,
戴学江,dài xué jiāng ,321,B,
戴相龙,dài xiàng lóng ,312,A,
戴苏理,dài sū lǐ ,312,A,
戴秉国,dài bǐng guó ,322,C,
崔月犁,cuī yuè lí ,132,C,
崔乃夫,cuī nǎi fū ,121,C,
楚图南,chǔ tú nán ,222,B,
迟浩田,chí hào tián ,232,A,
池必卿,chí bì qīng ,231,C,
程子华,chéng zǐ huá ,212,C,
程星龄,chéng xīng líng ,212,C,
程维高,chéng wéi gāo ,221,A,
程世清,chéng shì qīng ,231,C,
程世峨,chéng shì é ,232,A,
程安东,chéng ān dōng ,211,B,
成克杰,chéng kè jié ,232,A,
陈至立,chén zhì lì ,233,B,
陈政高,chén zhèng gāo ,231,C,
陈正人,chén zhèng rén ,232,A,
陈云林,chén yún lín ,222,B,
陈玉益,chén yù yì ,233,B,
陈玉杰,chén yù jié ,232,A,
陈野苹,chén yě píng ,222,B,
陈耀邦,chén yào bāng ,231,C,
陈学亨,chén xué hēng ,221,A,
陈锡文,chén xī wén ,212,C,
陈锡联,chén xī lián ,212,C,
陈希同,chén xī tóng ,212,C,
陈伟达,chén wěi dá ,222,B,
陈铁迪,chén tiě dí ,222,B,
陈士能,chén shì néng ,232,A,
陈绍禹,chén shào yǔ ,232,A,
陈绍昆,chén shào kūn ,231,C,
陈绍基,chén shào jī ,231,C,
陈璞如,chén pú rú ,222,B,
陈丕显,chén pī xiǎn ,212,C,
陈慕华,chén mù huá ,232,A,
陈明义,chén míng yì ,223,C,
陈敏章,chén mǐn zhāng ,221,A,
陈漫远,chén màn yuǎn ,232,A,
陈良宇,chén liáng yǔ ,222,B,
陈奎元,chén kuí yuán ,222,B,
陈俊生,chén jun4 shēng ,231,C,
陈锦华,chén jǐn huá ,222,B,
陈建国,chén jiàn guó ,232,A,
陈辉光,chén huī guāng ,211,B,
陈焕友,chén huàn yǒu ,232,A,
陈国栋,chén guó dòng ,223,C,
陈广文,chén guǎng wén ,222,B,
陈光毅,chén guāng yì ,213,A,
陈光林,chén guāng lín ,212,C,
陈光国,chén guāng guó ,212,C,
陈德铭,chén dé míng ,222,B,
陈曾固,chén céng gù ,223,C,
陈伯达,chén bó dá ,222,B,
陈邦柱,chén bāng zhù ,213,A,
陈安羽,chén ān yǔ ,212,C,
晁哲甫,cháo zhé fǔ ,222,B,
柴松岳,chái sōng yuè ,213,A,
柴树藩,chái shù fān ,231,C,
曾雍雅,céng yōng yǎ ,212,C,
曾宪林,céng xiàn lín ,232,A,
曾希圣,céng xī shèng ,213,A,
曾思玉,céng sī yù ,213,A,
曾绍山,céng shào shān ,231,C,
曾庆红,céng qìng hóng ,232,A,
曾培炎,céng péi yán ,222,B,
曾镜冰,céng jìng bīng ,231,C,
曾建徽,céng jiàn huī ,231,C,
曹庆泽,cáo qìng zé ,232,A,
曹克明,cáo kè míng ,232,A,
曹康泰,cáo kāng tài ,213,A,
曹菊如,cáo jú rú ,222,B,
曹刚川,cáo gāng chuān ,211,B,
曹荻秋,cáo dí qiū ,221,A,
曹伯纯,cáo bó chún ,222,B,
鲍奕珊,bào yì shān ,331,A,
薄一波,báo yī bō ,211,B,
薄熙来,báo xī lái ,212,C,
包叙定,bāo xù dìng ,133,A,
包厚昌,bāo hòu chāng ,131,B,
包尔汉,bāo ěr hàn ,123,B,
白志健,bái zhì jiàn ,233,B,
白相国,bái xiàng guó ,212,C,
白如冰,bái rú bīng ,221,A,
白清才,bái qīng cái ,212,C,
白立忱,bái lì chén ,232,A,
白克明,bái kè míng ,232,A,
白介夫,bái jiè fū ,231,C,
白纪年,bái jì nián ,232,A,
白恩培,bái ēn péi ,212,C,
白栋材,bái dòng cái ,232,A,
白成铭,bái chéng míng ,222,B,
安子文,ān zǐ wén ,112,B,
安志文,ān zhì wén ,132,C,
安启元,ān qǐ yuán ,122,A,
艾知生,ài zhī shēng ,311,C,
艾丕善,ài pī shàn ,313,B,
吴芝圃,wú zhī pǔ ,212,C,
邹瑜,zōu yú ,12,D,
朱训,zhū xùn ,13,F,
朱敏,zhū mǐn ,12,D,
朱良,zhū liáng ,12,D,
周扬,zhōu yáng ,12,D,
周兴,zhōu xìng ,11,E,
周强,zhōu qiáng ,12,D,
周南,zhōu nán ,12,D,
周林,zhōu lín ,12,D,
周里,zhōu lǐ ,12,D,
周济,zhōu jì ,13,F,
周惠,zhōu huì ,13,F,
周洪波,zhōu hóng bō ,121,C,
钟文,zhōng wén ,12,D,
郑林,zhèng lín ,32,F,
赵修,zhào xiū ,31,D,
赵林,zhào lín ,32,F,
章泽,zhāng zé ,12,D,
张珍,zhāng zhēn ,11,E,
张玺,zhāng xǐ ,12,D,
张挺,zhāng tǐng ,12,D,
张苏,zhāng sū ,11,E,
张寿,zhāng shòu ,13,F,
张平,zhāng píng ,12,D,
张钧,zhāng jun1 ,11,E,
张忱,zhāng chén ,12,D,
张策,zhāng cè ,13,F,
袁振,yuán zhèn ,23,D,
袁木,yuán mù ,23,D,
袁改,yuán gǎi ,22,E,
于珍,yú zhēn ,21,F,
于一,yú yī ,21,F,
于克,yú kè ,23,D,
尤权,yóu quán ,22,E,
尹哲,yǐn zhé ,22,E,
尹俊,yǐn jun4 ,23,D,
毅夫,yì fū ,31,D,
伊文,yī wén ,12,D,
叶飞,yè fēi ,31,D,
杨钟,yáng zhōng ,21,F,
杨勇,yáng yǒng ,22,E,
杨晶,yáng jīng ,21,F,
杨杰,yáng jié ,22,E,
杨超,yáng chāo ,21,F,
杨波,yáng bō ,21,F,
薛驹,xuē jū ,11,E,
许勤,xǔ qín ,22,E,
许飞清,xǔ fēi qīng ,211,B,
徐冰,xú bīng ,21,F,
熊复,xióng fù ,23,D,
谢非,xiè fēi ,31,D,
肖扬,xiāo yáng ,32,F,
肖秧,xiāo yāng ,31,D,
肖捷,xiāo jié ,32,F,
肖寒,xiāo hán ,32,F,
吴振,wú zhèn ,23,D,
吴仪,wú yí ,22,E,
吴实,wú shí ,22,E,
吴平,wú píng ,22,E,
吴德,wú dé ,22,E,
吴波,wú bō ,21,F,
卫恒,wèi héng ,32,F,
王诤,wáng zhèng ,23,D,
王震,wáng zhèn ,23,D,
王昭,wáng zhāo ,21,F,
王钊,wáng zhāo ,21,F,
王占,wáng zhàn ,23,D,
王勇,wáng yǒng ,22,E,
王毅,wáng yì ,23,D,
王宪,wáng xiàn ,23,D,
王伟,wáng wěi ,22,E,
王涛,wáng tāo ,21,F,
王殊,wáng shū ,21,F,
王群,wáng qún ,22,E,
王谦,wáng qiān ,21,F,
王宁,wáng níng ,22,E,
王珉,wáng mín ,22,E,
王猛,wáng měng ,22,E,
王蒙,wáng méng ,22,E,
王磊,wáng lěi ,22,E,
王君,wáng jun1 ,21,F,
王军,wáng jun1 ,21,F,
王刚,wáng gāng ,21,F,
王芳,wáng fāng ,21,F,
王铎,wáng duó ,22,E,
王晨,wáng chén ,22,E,
汪洋,wāng yáng ,12,D,
汪洋,wāng yáng ,12,D,
汪锋,wāng fēng ,11,E,
万里,wàn lǐ ,32,F,
万钢,wàn gāng ,31,D,
万达,wàn dá ,32,F,
廷懋,tíng mào ,23,D,
铁瑛,tiě yīng ,21,F,
铁凝,tiě níng ,22,E,
天宝,tiān bǎo ,12,D,
陶铸,táo zhù ,23,D,
唐克,táng kè ,23,D,
孙英,sūn yīng ,11,E,
孙奇,sūn qí ,12,D,
孙颔,sūn hàn ,13,F,
孙淦,sūn gàn ,13,F,
随年,suí nián ,22,E,
苏荣,sū róng ,12,D,
苏静,sū jìng ,13,F,
苏钢,sū gāng ,11,E,
宋平,sòng píng ,32,F,
宋林,sòng lín ,32,F,
宋黎,sòng lí ,32,F,
宋健,sòng jiàn ,33,E,
四川省,sì chuān shěng ,312,A,
舒同,shū tóng ,12,D,
士英,shì yīng ,31,D,
史良,shǐ liáng ,22,E,
沈越,shěn yuè ,23,D,
沙风,shā fēng ,11,E,
森茂,sēn mào ,13,F,
任荣,rèn róng ,32,F,
热地,rè dì ,33,E,
饶斌,ráo bīn ,21,F,
清泉,qīng quán ,12,D,
秦晓,qín xiǎo ,22,E,
秦川,qín chuān ,21,F,
强卫,qiáng wèi ,23,D,
钱瑛,qián yīng ,21,F,
钱敏,qián mǐn ,22,E,
平生,píng shēng ,21,F,
彭真,péng zhēn ,21,F,
彭涛,péng tāo ,21,F,
彭林,péng lín ,22,E,
彭冲,péng chōng ,21,F,
南萍,nán píng ,22,E,
穆青,mù qīng ,31,D,
马信,mǎ xìn ,23,D,
马b,mǎ wén ,22,E,
马力,mǎ lì ,23,D,
马凯,mǎ kǎi ,22,E,
马洪,mǎ hóng ,22,E,
马飚,mǎ biāo ,21,F,
吕枫,lǚ fēng ,21,F,
吕东,lǚ dōng ,21,F,
骆琳,luò lín ,32,F,
罗天,luó tiān ,21,F,
罗琼,luó qióng ,22,E,
罗干,luó gàn ,21,F,
陆浩,lù hào ,33,E,
陆昊,lù hào ,33,E,
陆兵,lù bīng ,31,D,
鲁平,lǔ píng ,22,E,
柳林,liǔ lín ,22,E,
刘正,liú zhèng ,23,D,
刘毅,liú yì ,23,D,
刘伟,liú wěi ,22,E,
刘仁,liú rén ,22,E,
刘淇,liú qí ,22,E,
刘鹏,liú péng ,22,E,
刘京,liú jīng ,21,F,
刘杰,liú jié ,22,E,
刘江,liú jiāng ,21,F,
刘枫,liú fēng ,21,F,
刘冰,liú bīng ,21,F,
凌云,líng yún ,22,E,
林铁,lín tiě ,22,E,
林若,lín ruò ,23,D,
林军,lín jun1 ,21,F,
林枫,lín fēng ,21,F,
林彪,lín biāo ,21,F,
列确,liè què ,33,E,
廖晖,liào huī ,31,D,
梁湘,liáng xiāng ,21,F,
梁希,liáng xī ,21,F,
梁家,liáng jiā ,21,F,
立教,lì jiāo ,33,E,
李庄,lǐ zhuāng ,21,F,
李震,lǐ zhèn ,23,D,
李振,lǐ zhèn ,23,D,
李涛,lǐ tāo ,21,F,
李清,lǐ qīng ,21,F,
李强,lǐ qiáng ,22,E,
李琦,lǐ qí ,22,E,
李鹏,lǐ péng ,22,E,
李立,lǐ lì ,23,D,
李荒,lǐ huāng ,21,F,
李斌,lǐ bīn ,21,F,
黎原,lí yuán ,22,E,
黎韦,lí wéi ,22,E,
冷溶,lěng róng ,22,E,
奎璧,kuí bì ,23,D,
孔原,kǒng yuán ,22,E,
孔飞,kǒng fēi ,21,F,
孔丹,kǒng dān ,21,F,
康生,kāng shēng ,11,E,
凯丰,kǎi fēng ,21,F,
敬之,jìng zhī ,31,D,
金鑫,jīn xīn ,11,E,
金明,jīn míng ,12,D,
解峰,jiě fēng ,21,F,
江华,jiāng huá ,12,D,
贾俊,jiǎ jun4 ,23,D,
黄镇,huáng zhèn ,23,D,
黄云,huáng yún ,22,E,
黄瑶,huáng yáo ,22,E,
黄岩,huáng yán ,22,E,
黄荣,huáng róng ,22,E,
黄菊,huáng jú ,22,E,
黄敬,huáng jìng ,23,D,
黄璜,huáng huáng ,22,E,
黄华,huáng huá ,22,E,
胡绳,hú shéng ,22,E,
胡平,hú píng ,22,E,
胡宏,hú hóng ,22,E,
胡彪,hú biāo ,21,F,
侯捷,hóu jié ,32,F,
洪虎,hóng hǔ ,22,E,
贺龙,hè lóng ,32,F,
何勇,hé yǒng ,22,E,
何伟,hé wěi ,22,E,
何康,hé kāng ,21,F,
韩正,hán zhèng ,23,D,
韩光,hán guāng ,21,F,
郭志,guō zhì ,13,F,
郭峰,guō fēng ,11,E,
谷牧,gǔ mù ,23,D,
耿飚,gěng biāo ,21,F,
高扬,gāo yáng ,12,D,
高严,gāo yán ,12,D,
高强,gāo qiáng ,12,D,
高峰,gāo fēng ,11,E,
高狄,gāo dí ,12,D,
高潮,gāo cháo ,12,D,
甘苦,gān kǔ ,12,D,
冯直,féng zhí ,22,E,
方毅,fāng yì ,13,F,
方强,fāng qiáng ,12,D,
范瑾,fàn jǐn ,32,F,
董其武,dǒng qí wǔ ,222,B,
丁盛,dīng shèng ,13,F,
丁玲,dīng líng ,12,D,
邓拓,dèng tuò ,33,E,
储江,chǔ jiāng ,21,F,
储波,chǔ bō ,21,F,
程序,chéng xù ,23,D,
程潜,chéng qián ,22,E,
陈竺,chén zhú ,22,E,
陈云,chén yún ,22,E,
陈元,chén yuán ,22,E,
陈郁,chén yù ,23,D,
陈毅,chén yì ,23,D,
陈明,chén míng ,22,E,
陈雷,chén léi ,22,E,
陈雷,chén léi ,22,E,
陈赓,chén gēng ,21,F,
陈冰,chén bīng ,21,F,
陈彬,chén bīn ,21,F,
曾涛,céng tāo ,21,F,
曾生,céng shēng ,21,F,
曾山,céng shān ,21,F,
曹志,cáo zhì ,23,D,
曹禺,cáo yú ,22,E,
蔡武,cài wǔ ,32,F,
蔡诚,cài chéng ,32,F,
蔡畅,cài chàng ,33,E,
布赫,bù hè ,33,E,
边疆,biān jiāng ,11,E,
白玛,bái mǎ ,22,E,
巴金,bā jīn ,11,E,
乔石,qiáo shí ,22,E,
项南,xiàng nán ,32,F,
沈岑,shěn cén ,22,E,
鲁瑛,lǔ yīng ,21,F,
邓楠,dèng nán ,32,F,
